<?xml version="1.0"?>
<drivers id="ICEPICK_C">
    <isa Type="ICEPICK_C" ProcID="0x3C000805">
        <driver file="..\..\..\emulation\drivers\tixds510icepick_c.dvr">
            <connectionType Type="TIXDS510"/>
            <connectionType Type="TIXDS110"/>
            <property Name="Port Number" Type="numericfield" Value="0x10" NumericType="HEX" UpperBound="0xFFFF" LowerBound="0" SubPath="true" ID="subpath.address"/>
            <property id="Use Board Reset" Type="hiddenfield" Value="0" />
            <property id="Use Board Reset Free Run" Type="hiddenfield" Value="0" />
            <!--Block target access to enable fast digital state scanning in C13xx/26xx devices (ET++)-->
            <property id="Block Target Access on Free Run" Type="hiddenfield" Value="0" />
            <property Name="Initial Configuration" Type="choicelist" Value="0x1" SubPath="true" ID="subpath.initial">
                <choice Name="Yes" value="1"/>
                <choice Name="No" value="0"/>
            </property>
            <property Name="Custom Configuration" Type="choicelist" Value="0x1" SubPath="true" ID="subpath.custom">
                <choice Name="Yes" value="1"/>
                <choice Name="No" value="0"/>
            </property>
            <property Name="Force Configuration" Type="choicelist" Value="0x0" SubPath="true" ID="subpath.force">
                <choice Name="Yes" value="1"/>
                <choice Name="No" value="0"/>
            </property>
            <property id="Cancel Reset" Type="hiddenstring" Value="0x0" SubPath="true" ID="subpath.cancelreset" />
        </driver>
    </isa>
</drivers>
